' a- ·on 
--
-·ocrOBER-1961 
LAST MONTH Sun Mon Tue Wed Thu Fri Stu NEXT MONTH 
SEPTEMBER l 2 3 4 5 6 7 NOVEMBER 
Su Mo Tu We Th P, Sa .8 9 10 11 12 13 14 .tu Mo Tu We Th P, Sa 
1 2 15 16 17 18 19 20 21 1 2 3 4 
3 4 5 6 7 8 9 22 ··23 24 25 26 27 28 5 6 7 8 9 10 11 
10 111213 14 15 16 12 13 14 15 16 17 18 
17 18 19 20 21 22 23 29 30 31 19 20 21 22 23 24 25 
24 25 26 27 28 29 30 26 27 28 29 30 
, 
Sat. A. M. Sun. Sat. P. M. Sun. 
9:00 1:15 ---- --------·---- -----------·· ·-·---------- ---··-- ---- ·----------- - --·--------------
- ________ 9 :15 -------- -----_ _ _ ------ 1 :30 ----- ___ _,__ _____ _ 
------~------------'--- __________ _,.__ _ _.__ ______ ___,_ _____ _ 
-----------------------·-····--------------------------
/ 
; ---------------- -- -~----------------------------------------------------------------· 
===========-=-=====================-=---=== 
280 Sat., October 7, 1961 85 281 Sun., October 8, 1961 84 
